{"WA 98001": 12.419702925684744, "WA 98002": 12.321972935345793, "WA 98003": 12.539879939532078, "WA 98004": 13.926836778919418, "WA 98005": 13.520394819858554, "WA 98006": 13.511047013419486, "WA 98007": 13.34047697020065, "WA 98008": 13.256461889659732, "WA 98010": 12.772659602837912, "WA 98011": 13.069713538384361, "WA 98014": 12.958940216883065, "WA 98019": 12.845946008139887, "WA 98022": 12.576416285477011, "WA 98023": 12.538468139302614, "WA 98024": 13.279193281938689, "WA 98027": 13.209516097085498, "WA 98028": 12.992372300761867, "WA 98029": 13.28050845282664, "WA 98030": 12.503246161342606, "WA 98031": 12.537417856586535, "WA 98032": 12.436792687691526, "WA 98033": 13.523579873714745, "WA 98034": 13.045674869614608, "WA 98038": 12.693577169220154, "WA 98039": 14.350543338302696, "WA 98040": 13.856329637430104, "WA 98042": 12.594717658488994, "WA 98045": 12.860674814621087, "WA 98047": 12.315953417397772, "WA 98050": 13.215740278837728, "WA 98051": 13.06915765407964, "WA 98052": 13.326375413937566, "WA 98053": 13.378633020976935, "WA 98055": 12.636361415274076, "WA 98056": 12.840296242491014, "WA 98057": 12.423912515376815, "WA 98058": 12.709648691634351, "WA 98059": 13.049142675927342, "WA 98065": 13.176946815179042, "WA 98068": 13.171155446333852, "WA 98070": 13.004018339454104, "WA 98072": 13.207126406399652, "WA 98074": 13.332328291651145, "WA 98075": 13.501836478584012, "WA 98077": 13.32173153125191, "WA 98092": 12.717368454914583, "WA 98102": 13.397709260277571, "WA 98103": 13.217637182842081, "WA 98105": 13.633888651442575, "WA 98106": 12.555641565218426, "WA 98107": 13.203315808566101, "WA 98108": 12.703918645236287, "WA 98109": 13.754282308383917, "WA 98112": 13.702861354234898, "WA 98115": 13.2497346263941, "WA 98116": 13.297934120807149, "WA 98117": 13.189396904630591, "WA 98118": 12.90133511902901, "WA 98119": 13.611760593405334, "WA 98122": 13.208141609361638, "WA 98125": 12.957490703465849, "WA 98126": 12.88193783142503, "WA 98133": 12.802349930855513, "WA 98136": 13.120741803377395, "WA 98144": 13.174591273490805, "WA 98146": 12.684336177441233, "WA 98148": 12.602448316887182, "WA 98155": 12.828711323992334, "WA 98166": 12.87557213858112, "WA 98168": 12.294382529896962, "WA 98177": 13.292195892694004, "WA 98178": 12.46781674306677, "WA 98188": 12.466494553911339, "WA 98198": 12.536417086848845, "WA 98199": 13.464843189911432, "WA 98288": 12.220011996721032, "WA 98354": 12.552649798303705}